firstname, Lastname, emp_no, gender, hire_date,title
Abdelkader,Aamodt,258641,M,1994-12-02,Senior Engineer
Adhemar,Aamodt,258005,F,1991-01-21,Assistant Engineer
Adhemar,Aamodt,258005,F,1991-01-21,Engineer
Aemilian,Aamodt,455773,M,1988-04-21,Senior Staff
Aemilian,Aamodt,455773,M,1988-04-21,Staff
Alagu,Aamodt,436560,F,1991-10-17,Engineer
Aleksander,Aamodt,266651,F,1989-03-29,Engineer
Aleksander,Aamodt,266651,F,1989-03-29,Senior Engineer
Alexius,Aamodt,487598,M,1994-12-30,Senior Staff
Alexius,Aamodt,487598,M,1994-12-30,Staff
Alois,Aamodt,216963,M,1995-08-24,Staff
Aluzio,Aamodt,15427,M,1985-03-03,Engineer
Amabile,Aamodt,100860,F,1993-02-06,Senior Staff
Amabile,Aamodt,100860,F,1993-02-06,Staff
Anestis,Aamodt,107070,M,1990-10-30,Engineer
Anestis,Aamodt,107070,M,1990-10-30,Senior Engineer
Anoosh,Aamodt,238705,F,1987-02-21,Engineer
Anoosh,Aamodt,238705,F,1987-02-21,Senior Engineer
Anwar,Aamodt,225884,M,1988-02-29,Technique Leader
Arlette,Aamodt,206338,M,1990-01-16,Senior Staff
Arlette,Aamodt,206338,M,1990-01-16,Staff
Arumugam,Aamodt,29182,F,1986-01-09,Senior Staff
Arumugam,Aamodt,29182,F,1986-01-09,Staff
Arunachalam,Aamodt,230338,M,1990-08-11,Senior Engineer
Arvind,Aamodt,291658,M,1986-11-20,Engineer
Ashish,Aamodt,88414,F,1992-01-29,Technique Leader
Baoqiu,Aamodt,107094,M,1992-02-02,Staff
Bartek,Aamodt,11761,M,1991-06-12,Senior Staff
Bartek,Aamodt,11761,M,1991-06-12,Staff
Basant,Aamodt,411560,F,1986-12-25,Engineer
Basim,Aamodt,17400,F,1991-09-15,Engineer
Berry,Aamodt,203802,M,1989-11-03,Senior Staff
Berry,Aamodt,203802,M,1989-11-03,Staff
Berry,Aamodt,442407,M,1995-12-06,Staff
Bikash,Aamodt,481972,F,1997-03-30,Senior Staff
Breannda,Aamodt,428594,M,1988-07-27,Senior Staff
Breannda,Aamodt,428594,M,1988-07-27,Staff
Carrsten,Aamodt,31701,F,1985-10-07,Senior Engineer
Chenxi,Aamodt,481504,F,1990-03-12,Staff
Christ,Aamodt,296892,F,1995-07-30,Engineer
Christ,Aamodt,296892,F,1995-07-30,Senior Engineer
Christ,Aamodt,35101,F,1990-02-05,Engineer
Christoper,Aamodt,279623,M,1988-05-27,Engineer
Chuanyi,Aamodt,61219,M,1991-03-01,Senior Staff
Chuanyi,Aamodt,61219,M,1991-03-01,Staff
Claude,Aamodt,479116,F,1988-09-10,Engineer
Claude,Aamodt,479116,F,1988-09-10,Senior Engineer
Conal,Aamodt,448061,F,1985-05-22,Staff
Danco,Aamodt,450068,F,1986-10-10,Staff
Deborah,Aamodt,276101,M,1988-11-01,Engineer
Deborah,Aamodt,276101,M,1988-11-01,Senior Engineer
Dekang,Aamodt,18182,F,1988-05-25,Senior Staff
Dietrich,Aamodt,293563,F,1986-12-07,Assistant Engineer
Dmitry,Aamodt,53390,M,1987-08-13,Engineer
Dmitry,Aamodt,53390,M,1987-08-13,Senior Engineer
Duke,Aamodt,206967,F,1993-11-16,Staff
Duri,Aamodt,257801,F,1987-04-04,Engineer
Edwin,Aamodt,489981,M,1992-10-22,Engineer
Edwin,Aamodt,489981,M,1992-10-22,Senior Engineer
Elzbieta,Aamodt,492546,F,1986-04-29,Senior Staff
Elzbieta,Aamodt,492546,F,1986-04-29,Staff
Erez,Aamodt,493299,M,1998-09-08,Senior Engineer
Fatemeh,Aamodt,461318,M,1986-05-07,Senior Staff
Fatemeh,Aamodt,461318,M,1986-05-07,Staff
Felicidad,Aamodt,252763,F,1988-11-20,Engineer
Florian,Aamodt,404703,M,1991-08-04,Engineer
Foong,Aamodt,234739,M,1986-06-28,Senior Engineer
Fuqing,Aamodt,265036,M,1985-02-11,Engineer
Fuqing,Aamodt,265036,M,1985-02-11,Senior Engineer
Gaetan,Aamodt,452757,M,1995-08-07,Staff
Garnet,Aamodt,103736,F,1985-08-06,Senior Engineer
Geoffry,Aamodt,470525,M,1995-06-14,Staff
Georgi,Aamodt,90035,M,1987-03-17,Engineer
Geraldo,Aamodt,458485,F,1990-10-29,Engineer
Geraldo,Aamodt,458485,F,1990-10-29,Senior Engineer
Geraldo,Aamodt,438271,M,1994-05-01,Engineer
Geraldo,Aamodt,64157,M,1987-08-11,Senior Staff
Gian,Aamodt,433338,M,1985-02-08,Senior Staff
Gila,Aamodt,268194,F,1994-04-06,Senior Staff
Gladys,Aamodt,84904,F,1991-08-10,Senior Engineer
Goa,Aamodt,467226,M,1991-01-04,Engineer
Goa,Aamodt,467226,M,1991-01-04,Senior Engineer
Gonzalo,Aamodt,441722,F,1999-12-15,Technique Leader
Gretta,Aamodt,107608,M,1988-05-04,Assistant Engineer
Gretta,Aamodt,107608,M,1988-05-04,Engineer
Gunilla,Aamodt,407604,F,1990-07-25,Engineer
Gunilla,Aamodt,407604,F,1990-07-25,Senior Engineer
Guoxiang,Aamodt,290839,M,1997-05-12,Staff
Guther,Aamodt,240075,M,1989-01-20,Assistant Engineer
Guther,Aamodt,240075,M,1989-01-20,Engineer
Hairong,Aamodt,233941,M,1988-06-10,Senior Staff
Hairong,Aamodt,233941,M,1988-06-10,Staff
Heejo,Aamodt,100916,M,1990-04-30,Engineer
Heejo,Aamodt,100916,M,1990-04-30,Senior Engineer
Heeju,Aamodt,109542,M,1991-03-03,Engineer
Heeju,Aamodt,109542,M,1991-03-03,Senior Engineer
Hidefumi,Aamodt,255520,M,1985-05-02,Staff
Hidefumi,Aamodt,292102,M,1993-06-19,Senior Staff
Hidefumi,Aamodt,292102,M,1993-06-19,Staff
Hiroyasu,Aamodt,49007,M,1985-07-26,Senior Staff
Hiroyasu,Aamodt,49007,M,1985-07-26,Staff
Huican,Aamodt,103125,M,1986-12-12,Staff
Huican,Aamodt,49426,M,1993-11-01,Senior Engineer
Hyuckchul,Aamodt,436783,M,1994-03-16,Engineer
Jaideep,Aamodt,275120,M,1986-07-16,Senior Staff
Jaideep,Aamodt,275120,M,1986-07-16,Staff
Jeane,Aamodt,411374,M,1987-10-09,Engineer
Jeane,Aamodt,411374,M,1987-10-09,Senior Engineer
Jeanna,Aamodt,109883,M,1993-05-16,Engineer
Jeanne,Aamodt,407793,F,1989-02-06,Senior Staff
Jeanne,Aamodt,407793,F,1989-02-06,Staff
Jenwei,Aamodt,61477,M,1988-08-14,Assistant Engineer
Jenwei,Aamodt,61477,M,1988-08-14,Engineer
Jiann,Aamodt,240207,F,1989-05-24,Senior Staff
Jiann,Aamodt,240207,F,1989-05-24,Staff
JiYoung,Aamodt,56308,F,1987-11-11,Engineer
JiYoung,Aamodt,56308,F,1987-11-11,Senior Engineer
Kaijung,Aamodt,257214,M,1995-12-16,Staff
Kamran,Aamodt,285421,F,1994-12-18,Engineer
Kamran,Aamodt,285421,F,1994-12-18,Senior Engineer
Karlis,Aamodt,443223,M,1988-07-24,Senior Staff
Karlis,Aamodt,443223,M,1988-07-24,Staff
Kazuhito,Aamodt,242185,M,1986-12-02,Engineer
Kensyu,Aamodt,84664,M,1997-04-09,Senior Staff
Kensyu,Aamodt,84664,M,1997-04-09,Staff
Khalid,Aamodt,42706,F,1993-07-31,Senior Staff
Khatoun,Aamodt,52791,F,1994-08-26,Senior Staff
Kish,Aamodt,71936,M,1993-12-06,Senior Staff
Kish,Aamodt,71936,M,1993-12-06,Staff
Kwan,Aamodt,483416,F,1985-08-09,Technique Leader
Leah,Aamodt,22105,M,1998-08-07,Senior Engineer
Leandro,Aamodt,290159,F,1993-03-25,Staff
Leen,Aamodt,408737,M,1995-03-21,Senior Staff
Leen,Aamodt,408737,M,1995-03-21,Staff
Lenore,Aamodt,297498,M,1987-04-07,Senior Staff
Lenore,Aamodt,297498,M,1987-04-07,Staff
Lenore,Aamodt,203606,M,1991-06-06,Senior Staff
Lenore,Aamodt,203606,M,1991-06-06,Staff
Licheng,Aamodt,68919,F,1987-03-07,Engineer
Luerbio,Aamodt,213062,M,1991-04-27,Senior Engineer
Luigi,Aamodt,258030,M,1990-06-21,Staff
Luisa,Aamodt,279540,F,1985-02-13,Senior Staff
Luisa,Aamodt,279540,F,1985-02-13,Staff
Luise,Aamodt,70441,F,1986-07-27,Engineer
Luise,Aamodt,70441,F,1986-07-27,Senior Engineer
Magy,Aamodt,484934,M,1985-03-31,Engineer
Magy,Aamodt,484934,M,1985-03-31,Senior Engineer
Maha,Aamodt,264133,M,1993-02-17,Senior Staff
Maha,Aamodt,264133,M,1993-02-17,Staff
Mahmut,Aamodt,36577,M,1986-04-10,Technique Leader
Maik,Aamodt,276963,M,1986-06-20,Senior Engineer
Mani,Aamodt,455119,M,1991-10-16,Engineer
Mani,Aamodt,455119,M,1991-10-16,Senior Engineer
Marek,Aamodt,417540,F,1986-01-31,Senior Engineer
Mariangiola,Aamodt,486049,M,1997-02-20,Senior Staff
Marie,Aamodt,479557,F,1990-11-03,Engineer
Mariusz,Aamodt,43174,M,1993-12-30,Staff
Marla,Aamodt,46884,F,1989-07-18,Senior Staff
Marla,Aamodt,46884,F,1989-07-18,Staff
Masamitsu,Aamodt,439427,M,1990-12-24,Senior Engineer
Matk,Aamodt,25021,M,1989-11-08,Technique Leader
Matk,Aamodt,422538,M,1987-02-22,Staff
Mats,Aamodt,42199,F,1989-10-03,Senior Staff
Mats,Aamodt,42199,F,1989-10-03,Staff
Matt,Aamodt,16572,M,1987-06-16,Engineer
Matt,Aamodt,16572,M,1987-06-16,Senior Engineer
Menkae,Aamodt,36585,F,1986-02-07,Staff
Mingsen,Aamodt,469601,M,1998-12-13,Engineer
Mingzeng,Aamodt,222641,M,1997-10-25,Staff
Miomir,Aamodt,265228,M,1991-01-21,Engineer
Mohammed,Aamodt,471383,M,1985-12-30,Engineer
Mohammed,Aamodt,471383,M,1985-12-30,Senior Engineer
Mokhtar,Aamodt,12791,M,1994-08-14,Engineer
Mostafa,Aamodt,105020,F,1994-01-18,Staff
Moto,Aamodt,218417,F,1986-05-29,Engineer
Moto,Aamodt,218417,F,1986-05-29,Senior Engineer
Moty,Aamodt,469422,M,1996-01-13,Engineer
Nahla,Aamodt,28387,F,1997-02-15,Engineer
Narain,Aamodt,265157,F,1988-08-16,Senior Staff
Narain,Aamodt,265157,F,1988-08-16,Staff
Nimmagadda,Aamodt,460902,M,1987-08-20,Engineer
Odoardo,Aamodt,492771,M,1987-04-26,Engineer
Odoardo,Aamodt,492771,M,1987-04-26,Senior Engineer
Owen,Aamodt,248903,M,1985-09-28,Senior Staff
Owen,Aamodt,248903,M,1985-09-28,Staff
Parke,Aamodt,294575,M,1986-11-04,Senior Staff
Parke,Aamodt,294575,M,1986-11-04,Staff
Peternela,Aamodt,227725,M,1985-06-03,Technique Leader
Phuoc,Aamodt,27413,F,1987-08-28,Senior Staff
Phuoc,Aamodt,27413,F,1987-08-28,Staff
Pramod,Aamodt,485061,F,1985-12-31,Senior Staff
Pramod,Aamodt,485061,F,1985-12-31,Staff
Qingxiang,Aamodt,87637,M,1988-09-27,Senior Staff
Qingxiang,Aamodt,87637,M,1988-09-27,Staff
Qingxiang,Aamodt,468219,F,1986-03-05,Technique Leader
Rafael,Aamodt,403236,F,1989-02-09,Engineer
Rafael,Aamodt,403236,F,1989-02-09,Senior Engineer
Rafail,Aamodt,419780,F,1995-04-06,Staff
Rajmohan,Aamodt,51897,F,1986-05-22,Senior Staff
Rajmohan,Aamodt,51897,F,1986-05-22,Staff
Richard,Aamodt,88280,M,1987-01-31,Engineer
Richard,Aamodt,88280,M,1987-01-31,Senior Engineer
Rimli,Aamodt,244014,M,1985-06-12,Staff
Roddy,Aamodt,87193,F,1995-02-04,Staff
Roselyn,Aamodt,417278,F,1987-05-23,Assistant Engineer
Roselyn,Aamodt,417278,F,1987-05-23,Engineer
Sachem,Aamodt,12982,F,1992-01-11,Engineer
Sachem,Aamodt,12982,F,1992-01-11,Senior Engineer
Sajjad,Aamodt,449331,F,1985-09-08,Senior Staff
Sajjad,Aamodt,449331,F,1985-09-08,Staff
Salvador,Aamodt,260324,M,1986-03-16,Staff
Sanjiv,Aamodt,458867,F,1995-01-31,Engineer
Sanjiv,Aamodt,458867,F,1995-01-31,Senior Engineer
Sariel,Aamodt,36264,M,1998-05-06,Staff
Shai,Aamodt,50775,F,1991-10-25,Engineer
Shai,Aamodt,50775,F,1991-10-25,Senior Engineer
Shakhar,Aamodt,278581,M,1987-01-20,Senior Staff
Shakhar,Aamodt,278581,M,1987-01-20,Staff
Shan,Aamodt,221023,F,1989-10-08,Staff
Shaw,Aamodt,459969,M,1991-02-23,Senior Staff
Shen,Aamodt,419084,M,1987-08-19,Senior Engineer
Shigeaki,Aamodt,205190,M,1991-03-02,Engineer
Shigeaki,Aamodt,205190,M,1991-03-02,Senior Engineer
Shigeichiro,Aamodt,422708,M,1989-12-28,Staff
Shmuel,Aamodt,295537,M,1986-05-27,Senior Staff
Shmuel,Aamodt,295537,M,1986-05-27,Staff
Siddarth,Aamodt,286059,F,1993-02-09,Staff
Sigeru,Aamodt,258861,M,1985-03-02,Assistant Engineer
Sigeru,Aamodt,258861,M,1985-03-02,Engineer
Sigeru,Aamodt,258861,M,1985-03-02,Senior Engineer
Somnath,Aamodt,251782,F,1986-01-15,Senior Staff
Sorina,Aamodt,107602,M,1992-04-16,Engineer
Sreekrishna,Aamodt,493601,M,1985-03-17,Senior Staff
Sreenivas,Aamodt,12516,F,1990-03-06,Senior Engineer
Srinidhi,Aamodt,493102,F,1992-11-13,Senior Staff
Srinidhi,Aamodt,493102,F,1992-11-13,Staff
Subhash,Aamodt,244716,M,1985-10-20,Senior Engineer
Sudhanshu,Aamodt,269605,M,1996-12-20,Staff
Sumant,Aamodt,78545,M,1991-02-18,Technique Leader
Sumant,Aamodt,255282,F,1988-08-09,Assistant Engineer
Supot,Aamodt,262822,M,1985-06-25,Senior Engineer
Taizo,Aamodt,252181,F,1987-01-18,Technique Leader
Takahira,Aamodt,57989,F,1989-08-12,Senior Engineer
Takahiro,Aamodt,56183,F,1995-09-06,Staff
Takanari,Aamodt,17885,M,1996-08-19,Engineer
Takanari,Aamodt,99276,M,1987-01-01,Senior Staff
Takanari,Aamodt,99276,M,1987-01-01,Staff
Tamiya,Aamodt,408779,M,1985-08-03,Staff
Teiji,Aamodt,67277,F,1985-08-24,Senior Staff
Teiji,Aamodt,67277,F,1985-08-24,Staff
Teunis,Aamodt,293021,M,1994-02-07,Staff
Theirry,Aamodt,76475,F,1995-05-08,Engineer
Theron,Aamodt,280448,M,1986-03-16,Senior Staff
Theron,Aamodt,280448,M,1986-03-16,Staff
Tianruo,Aamodt,486550,M,1994-06-07,Engineer
Tianruo,Aamodt,486550,M,1994-06-07,Senior Engineer
Tomofumi,Aamodt,429910,M,1995-12-10,Engineer
Tonny,Aamodt,463875,M,1996-05-31,Staff
Tristan,Aamodt,59858,M,1991-09-20,Assistant Engineer
Tua,Aamodt,458624,M,1989-06-05,Engineer
Tua,Aamodt,458624,M,1989-06-05,Senior Engineer
Tze,Aamodt,429641,M,1987-01-12,Engineer
Tze,Aamodt,429641,M,1987-01-12,Senior Engineer
Tzvetan,Aamodt,489837,F,1988-08-01,Engineer
Tzvetan,Aamodt,489837,F,1988-08-01,Senior Engineer
Uinam,Aamodt,249077,F,1989-08-26,Engineer
Ung,Aamodt,55985,F,1990-07-15,Engineer
Valeri,Aamodt,271789,F,1986-07-28,Staff
Valeri,Aamodt,474768,F,1995-04-20,Engineer
Valeri,Aamodt,474768,F,1995-04-20,Senior Engineer
Vasilii,Aamodt,27188,F,1996-10-12,Senior Staff
Vasilii,Aamodt,27188,F,1996-10-12,Staff
Vasilis,Aamodt,228144,F,1987-06-25,Senior Staff
Vasilis,Aamodt,228144,F,1987-06-25,Staff
Vidar,Aamodt,19898,M,1988-08-06,Senior Staff
Vugranam,Aamodt,486726,M,1987-01-08,Engineer
Vugranam,Aamodt,486726,M,1987-01-08,Senior Engineer
Weiru,Aamodt,283857,M,1985-06-28,Staff
Weiyi,Aamodt,82381,M,1985-06-24,Technique Leader
Woody,Aamodt,102734,M,1995-09-23,Engineer
Yakkov,Aamodt,43290,M,1985-06-22,Senior Staff
Yakkov,Aamodt,43290,M,1985-06-22,Staff
Yechiam,Aamodt,417814,M,1992-01-19,Staff
Yishay,Aamodt,57933,F,1995-11-28,Staff
Yolla,Aamodt,254764,F,1991-02-08,Engineer
Yolla,Aamodt,254764,F,1991-02-08,Senior Engineer
Yolla,Aamodt,69125,F,1985-02-18,Engineer
Yolla,Aamodt,69125,F,1985-02-18,Senior Engineer
Yoshimitsu,Aamodt,236802,M,1989-01-11,Engineer
Younwoo,Aamodt,105323,F,1992-02-28,Senior Staff
Younwoo,Aamodt,105323,F,1992-02-28,Staff
Youpyo,Aamodt,100010,M,1991-10-04,Engineer
Youpyo,Aamodt,100010,M,1991-10-04,Senior Engineer
Zhiwei,Aamodt,239949,F,1990-11-26,Engineer
Zhiwei,Aamodt,239949,F,1990-11-26,Senior Engineer
Ziya,Aamodt,83170,M,1990-01-04,Engineer
Ziya,Aamodt,83170,M,1990-01-04,Senior Engineer
Zvonko,Aamodt,40184,F,1991-04-29,Engineer
Zvonko,Aamodt,40184,F,1991-04-29,Senior Engineer
Abdulla,Acton,93347,M,1992-10-31,Senior Staff
Abdulla,Acton,93347,M,1992-10-31,Staff
Adit,Acton,215122,M,1988-11-28,Senior Staff
Adit,Acton,215122,M,1988-11-28,Staff
Aimee,Acton,255705,F,1994-01-06,Engineer
Aimee,Acton,230078,F,1998-01-05,Senior Engineer
Alassane,Acton,277402,M,1990-02-19,Staff
Almudena,Acton,255442,M,1995-12-19,Staff
Aluzio,Acton,238752,M,1987-06-04,Engineer
Aluzio,Acton,238752,M,1987-06-04,Senior Engineer
Amstein,Acton,481285,M,1990-10-07,Engineer
Amstein,Acton,481285,M,1990-10-07,Senior Engineer
Aral,Acton,240425,M,1987-05-09,Staff
Basim,Acton,105207,F,1985-08-23,Senior Staff
Basim,Acton,105207,F,1985-08-23,Staff
Baziley,Acton,272887,F,1988-01-30,Engineer
Becky,Acton,429297,M,1985-10-26,Senior Staff
Becky,Acton,429297,M,1985-10-26,Staff
Behnaam,Acton,481166,M,1986-01-16,Senior Staff
Behnaam,Acton,481166,M,1986-01-16,Staff
Bezalel,Acton,297135,F,1986-05-21,Engineer
Bezalel,Acton,297135,F,1986-05-21,Senior Engineer
Bikash,Acton,487536,F,1993-02-18,Engineer
Bikash,Acton,487536,F,1993-02-18,Senior Engineer
Bluma,Acton,298425,M,1997-04-30,Senior Staff
Bodh,Acton,445773,M,1985-04-06,Staff
Bokyung,Acton,238634,M,1987-06-27,Senior Engineer
Breannda,Acton,218928,F,1999-05-21,Engineer
Brigham,Acton,15171,M,1996-03-05,Senior Staff
Brigham,Acton,15171,M,1996-03-05,Staff
Chinho,Acton,88998,M,1988-05-23,Engineer
Claude,Acton,481482,F,1990-07-29,Engineer
Claude,Acton,481482,F,1990-07-29,Senior Engineer
Cristinel,Acton,76392,F,1996-09-22,Senior Staff
DAIDA,Acton,467740,F,1990-06-26,Engineer
Danae,Acton,291010,M,1988-02-06,Senior Staff
Danae,Acton,291010,M,1988-02-06,Staff
Dipankar,Acton,405418,M,1987-05-24,Engineer
Dipankar,Acton,405418,M,1987-05-24,Senior Engineer
Divine,Acton,294239,M,1985-10-22,Senior Staff
Divine,Acton,294239,M,1985-10-22,Staff
Divine,Acton,260670,M,1987-07-21,Engineer
Djenana,Acton,66117,M,1991-10-19,Engineer
Djenana,Acton,66117,M,1991-10-19,Senior Engineer
Djenana,Acton,213271,M,1985-04-26,Senior Staff
Djenana,Acton,213271,M,1985-04-26,Staff
Dmitry,Acton,216742,F,1992-02-25,Senior Engineer
Dmitry,Acton,72001,F,1987-10-29,Engineer
Dmitry,Acton,72001,F,1987-10-29,Senior Engineer
Douadi,Acton,450884,M,1997-07-06,Senior Engineer
Eirik,Acton,412144,F,1990-12-16,Engineer
Eirik,Acton,412144,F,1990-12-16,Senior Engineer
Eran,Acton,446145,M,1995-06-28,Engineer
Eran,Acton,446145,M,1995-06-28,Senior Engineer
Fay,Acton,433150,M,1991-06-04,Senior Staff
Frederique,Acton,40374,M,1994-10-28,Technique Leader
Gal,Acton,94909,F,1996-12-22,Staff
Gennady,Acton,60438,F,1985-12-09,Engineer
Gift,Acton,280607,F,1987-11-06,Staff
Gina,Acton,286429,F,1988-05-14,Senior Staff
Giordano,Acton,90691,F,1996-04-26,Engineer
Giordano,Acton,90691,F,1996-04-26,Senior Engineer
Giri,Acton,261695,M,1988-07-07,Engineer
Giri,Acton,261695,M,1988-07-07,Senior Engineer
Giri,Acton,286608,M,1988-04-21,Engineer
Giri,Acton,286608,M,1988-04-21,Senior Engineer
Gregory,Acton,51509,F,1994-02-26,Engineer
Gregory,Acton,51509,F,1994-02-26,Senior Engineer
Hairong,Acton,490588,M,1986-05-15,Staff
Hatem,Acton,40881,F,1987-10-26,Engineer
Hatem,Acton,40881,F,1987-10-26,Senior Engineer
Heeju,Acton,468748,M,1995-09-22,Engineer
Heng,Acton,446536,M,1995-03-22,Engineer
Heon,Acton,205807,M,1998-03-13,Staff
Hercules,Acton,475018,F,1991-12-06,Staff
Hidde,Acton,40908,M,1986-08-10,Senior Engineer
Hideyuki,Acton,47143,F,1995-07-11,Assistant Engineer
Hideyuki,Acton,466838,M,1989-10-12,Engineer
Hideyuki,Acton,466838,M,1989-10-12,Senior Engineer
Honesty,Acton,236978,M,1986-12-22,Senior Staff
Honesty,Acton,236978,M,1986-12-22,Staff
Huei,Acton,98988,F,1989-12-22,Engineer
Huiqun,Acton,427792,F,1986-07-25,Senior Engineer
Iara,Acton,38816,F,1994-09-21,Engineer
Iara,Acton,38816,F,1994-09-21,Senior Engineer
Idoia,Acton,211583,M,1994-04-14,Staff
Ioana,Acton,443826,M,1987-05-15,Engineer
Ioana,Acton,443826,M,1987-05-15,Senior Engineer
Irena,Acton,46986,M,1992-07-11,Engineer
Irena,Acton,46986,M,1992-07-11,Senior Engineer
Jamaludin,Acton,56016,M,1993-03-26,Staff
Janalee,Acton,223594,M,1986-12-28,Senior Engineer
Jianwen,Acton,220546,M,1995-11-07,Engineer
Jinpo,Acton,90793,F,1988-03-02,Engineer
Jinpo,Acton,90793,F,1988-03-02,Senior Engineer
Jixiang,Acton,42532,M,1986-04-24,Assistant Engineer
Jixiang,Acton,42532,M,1986-04-24,Engineer
Jongsuk,Acton,80582,M,1991-11-09,Senior Staff
Jongsuk,Acton,80582,M,1991-11-09,Staff
Jouni,Acton,246903,M,1988-10-08,Engineer
Jouni,Acton,246903,M,1988-10-08,Senior Engineer
Jouni,Acton,252915,M,1987-02-11,Technique Leader
Karlis,Acton,76380,M,1997-04-27,Staff
Katsuo,Acton,226461,M,1992-06-22,Senior Engineer
Katsuyuki,Acton,284152,M,1986-12-25,Engineer
Katsuyuki,Acton,284152,M,1986-12-25,Senior Engineer
Kayoko,Acton,107735,M,1994-04-24,Engineer
Kayoko,Acton,107735,M,1994-04-24,Senior Engineer
Kazuhide,Acton,107471,F,1995-05-03,Staff
Kazuhito,Acton,103235,M,1985-06-21,Senior Engineer
Keiichiro,Acton,428641,F,1989-12-19,Engineer
Kenroku,Acton,434928,F,1990-07-02,Senior Staff
Kenroku,Acton,434928,F,1990-07-02,Staff
Kensei,Acton,291696,M,1992-10-10,Engineer
Kensei,Acton,291696,M,1992-10-10,Senior Engineer
Kensei,Acton,32537,F,1986-05-20,Senior Staff
Kensei,Acton,32537,F,1986-05-20,Staff
Kerryn,Acton,68258,F,1988-04-26,Engineer
Kerryn,Acton,68258,F,1988-04-26,Senior Engineer
Khaled,Acton,234861,M,1993-12-15,Staff
King,Acton,473980,F,1994-04-01,Engineer
Koichi,Acton,438295,F,1987-09-27,Senior Staff
Koichi,Acton,28649,M,1989-03-19,Senior Staff
Kolar,Acton,295148,M,1987-09-02,Senior Staff
Kolar,Acton,295148,M,1987-09-02,Staff
Koldo,Acton,101194,F,1993-09-10,Staff
Kousuke,Acton,256770,M,1993-01-11,Engineer
Kousuke,Acton,256770,M,1993-01-11,Senior Engineer
Kristen,Acton,34354,F,1985-03-08,Senior Staff
Kristen,Acton,34354,F,1985-03-08,Staff
Kwee,Acton,421304,F,1986-07-03,Engineer
Kwee,Acton,421304,F,1986-07-03,Senior Engineer
Kyoichi,Acton,231879,M,1985-03-17,Engineer
Kyoichi,Acton,231879,M,1985-03-17,Senior Engineer
Lakshmi,Acton,268003,F,1987-04-26,Engineer
Lakshmi,Acton,268003,F,1987-04-26,Senior Engineer
Larisa,Acton,481114,F,1994-09-12,Engineer
Larisa,Acton,481114,F,1994-09-12,Senior Engineer
Leif,Acton,471281,M,1987-04-29,Assistant Engineer
Leif,Acton,471281,M,1987-04-29,Engineer
Lene,Acton,201334,F,1997-10-06,Staff
Lijie,Acton,228303,F,1994-08-05,Senior Engineer
Mahmut,Acton,28089,F,1992-02-09,Senior Staff
Mahmut,Acton,28089,F,1992-02-09,Staff
Margo,Acton,248027,F,1986-07-25,Technique Leader
Marsal,Acton,219052,F,1995-08-02,Staff
Marsja,Acton,429125,M,1991-09-05,Engineer
Masaki,Acton,442803,M,1992-11-26,Senior Engineer
Masami,Acton,56029,M,1990-05-14,Senior Staff
Masami,Acton,56029,M,1990-05-14,Staff
Masamitsu,Acton,430990,F,1988-02-05,Senior Staff
Mayuko,Acton,88629,M,1986-12-01,Staff
Mohan,Acton,289166,F,1994-10-13,Senior Staff
Mohan,Acton,289166,F,1994-10-13,Staff
Mohd,Acton,267789,M,1989-04-17,Senior Engineer
Moheb,Acton,468673,M,1987-07-10,Engineer
Moheb,Acton,468673,M,1987-07-10,Senior Engineer
Moss,Acton,104062,F,1989-07-29,Senior Staff
Moss,Acton,104062,F,1989-07-29,Staff
Mrinalini,Acton,87371,F,1994-06-05,Staff
Murthy,Acton,107283,M,1985-07-07,Engineer
Murthy,Acton,107283,M,1985-07-07,Senior Engineer
Naftaly,Acton,413496,F,1988-08-11,Senior Staff
Naftaly,Acton,413496,F,1988-08-11,Staff
Navin,Acton,462562,F,1994-04-04,Senior Staff
Neven,Acton,271382,M,1990-07-15,Senior Engineer
Nigel,Acton,454944,F,1990-01-02,Engineer
Nigel,Acton,454944,F,1990-01-02,Senior Engineer
Nikolaos,Acton,29500,M,1992-03-17,Staff
Odoardo,Acton,50336,M,1990-01-25,Assistant Engineer
Odoardo,Acton,50336,M,1990-01-25,Engineer
Oldrich,Acton,423543,M,1986-01-14,Engineer
Oldrich,Acton,423543,M,1986-01-14,Senior Engineer
Oscar,Acton,20737,F,1987-01-29,Senior Staff
Oscar,Acton,20737,F,1987-01-29,Staff
Petter,Acton,451043,F,1989-07-14,Engineer
Petter,Acton,451043,F,1989-07-14,Senior Engineer
Phuoc,Acton,468598,F,1997-04-02,Engineer
Piyawadee,Acton,221751,M,1986-01-13,Senior Staff
Pradeep,Acton,102246,F,1987-02-11,Senior Engineer
Pragnesh,Acton,100278,F,1987-05-02,Engineer
Pragnesh,Acton,100278,F,1987-05-02,Senior Engineer
Pragnesh,Acton,285261,M,1986-11-04,Engineer
Pragnesh,Acton,285261,M,1986-11-04,Senior Engineer
Pranav,Acton,274777,F,1990-02-06,Senior Engineer
Prodip,Acton,30263,F,1990-05-21,Engineer
Rafail,Acton,487730,M,1987-10-02,Engineer
Rafail,Acton,487730,M,1987-10-02,Senior Engineer
Raimond,Acton,461027,M,1987-03-13,Assistant Engineer
Raimond,Acton,461027,M,1987-03-13,Engineer
Raimond,Acton,461027,M,1987-03-13,Senior Engineer
Rance,Acton,442462,M,1986-12-21,Staff
Reinhard,Acton,60029,M,1990-01-21,Senior Engineer
Renee,Acton,229823,M,1992-01-22,Senior Staff
Renee,Acton,229823,M,1992-01-22,Staff
Richara,Acton,52321,M,1987-12-26,Technique Leader
Richard,Acton,474210,F,1990-09-09,Senior Staff
Ronnie,Acton,272812,M,1990-09-28,Senior Engineer
Roselyn,Acton,104679,F,1985-03-10,Staff
Rosli,Acton,248334,F,1995-11-06,Senior Engineer
Saddek,Acton,290111,M,1985-04-05,Engineer
Saddek,Acton,290111,M,1985-04-05,Senior Engineer
Sakthirel,Acton,417764,F,1993-09-27,Assistant Engineer
Sangeeta,Acton,30749,F,1990-08-08,Technique Leader
Sanjay,Acton,46072,F,1985-12-05,Senior Engineer
Sanjit,Acton,68057,M,1989-01-07,Senior Engineer
Sedat,Acton,223562,F,1992-10-07,Engineer
Sedat,Acton,223562,F,1992-10-07,Senior Engineer
Shaowen,Acton,429210,M,1991-10-15,Technique Leader
Shawna,Acton,481646,F,1997-06-04,Technique Leader
Shaz,Acton,228262,F,1986-08-10,Engineer
Shaz,Acton,228262,F,1986-08-10,Senior Engineer
Shaz,Acton,26736,F,1986-10-27,Engineer
Shietung,Acton,235258,M,1999-03-26,Senior Staff
Shigehito,Acton,73542,M,1988-07-02,Senior Staff
Shigehito,Acton,73542,M,1988-07-02,Staff
Shim,Acton,492607,F,1992-06-03,Senior Staff
Shim,Acton,492607,F,1992-06-03,Staff
Shmuel,Acton,235774,M,1994-12-15,Staff
Shridhar,Acton,408216,M,1985-07-18,Senior Staff
Shridhar,Acton,408216,M,1985-07-18,Staff
Shuji,Acton,402519,M,1993-11-09,Senior Staff
Shuji,Acton,216254,M,1992-09-25,Staff
Soenke,Acton,27201,M,1989-04-14,Engineer
Soenke,Acton,27201,M,1989-04-14,Senior Engineer
Steen,Acton,447698,M,1987-01-20,Senior Engineer
Sudharsan,Acton,479310,M,1985-10-07,Staff
Szabolcs,Acton,461292,M,1990-01-06,Engineer
Szabolcs,Acton,461292,M,1990-01-06,Senior Engineer
Tadahiko,Acton,39692,M,1992-05-11,Engineer
Tadahiko,Acton,39692,M,1992-05-11,Senior Engineer
Takahiro,Acton,276147,F,1985-03-17,Senior Engineer
Tamiya,Acton,484454,M,1989-10-20,Engineer
Tayeb,Acton,23861,F,1991-11-17,Staff
Terresa,Acton,431877,M,1994-10-24,Senior Staff
Tesuro,Acton,243736,F,1992-09-26,Engineer
Tesuro,Acton,243736,F,1992-09-26,Senior Engineer
Torsten,Acton,274768,F,1989-10-24,Senior Staff
Torsten,Acton,274768,F,1989-10-24,Staff
Toshimo,Acton,463214,M,1987-06-24,Assistant Engineer
Toshimo,Acton,463214,M,1987-06-24,Engineer
Toshimori,Acton,59924,M,1991-12-03,Engineer
Tremaine,Acton,221397,F,1986-06-06,Senior Staff
Tremaine,Acton,221397,F,1986-06-06,Staff
Tsuneo,Acton,417726,M,1989-09-18,Engineer
Tsuneo,Acton,417726,M,1989-09-18,Senior Engineer
Tsvetan,Acton,279788,M,1990-11-27,Senior Engineer
Ulises,Acton,56856,M,1986-01-14,Engineer
Ulises,Acton,56856,M,1986-01-14,Senior Engineer
Uriel,Acton,17823,F,1991-07-08,Senior Staff
Uriel,Acton,17823,F,1991-07-08,Staff
Van,Acton,41503,M,1986-08-06,Staff
Vesna,Acton,286874,M,1989-10-29,Senior Engineer
Vojin,Acton,264083,F,1985-02-17,Senior Staff
Vojin,Acton,264083,F,1985-02-17,Staff
Volkmar,Acton,67813,F,1986-10-17,Engineer
Volkmar,Acton,67813,F,1986-10-17,Senior Engineer
Werner,Acton,299405,M,1988-07-19,Staff
Xiahua,Acton,15229,M,1986-07-07,Senior Engineer
Xinglin,Acton,107384,F,1992-03-23,Engineer
Xumin,Acton,21519,M,1996-10-04,Staff
Yaghout,Acton,93138,F,1994-03-31,Staff
Yagil,Acton,239646,M,1997-04-27,Engineer
Yahiko,Acton,14092,F,1985-04-01,Senior Staff
Yahiko,Acton,14092,F,1985-04-01,Staff
Yakichi,Acton,95987,M,1987-12-18,Senior Staff
Yakichi,Acton,95987,M,1987-12-18,Staff
Yakkov,Acton,34785,F,1985-06-02,Assistant Engineer
Yakkov,Acton,34785,F,1985-06-02,Engineer
Yuguang,Acton,220720,M,1989-06-20,Engineer
Yuguang,Acton,220720,M,1989-06-20,Senior Engineer
Zeljko,Acton,85120,M,1995-04-06,Assistant Engineer
Zeljko,Acton,85120,M,1995-04-06,Engineer
Zhanqiu,Acton,495025,M,1997-11-22,Technique Leader
Zhilian,Acton,446261,M,1996-10-05,Engineer
Zita,Acton,203073,F,1994-06-09,Assistant Engineer
Zorica,Acton,10695,M,1989-08-05,Engineer
Adin,Adachi,476545,F,1996-04-06,Staff
Adit,Adachi,474826,M,1992-05-21,Senior Staff
Adit,Adachi,474826,M,1992-05-21,Staff
Aiichiro,Adachi,99157,M,1985-05-11,Senior Staff
Aiichiro,Adachi,99157,M,1985-05-11,Staff
Alexius,Adachi,44204,M,1991-05-16,Engineer
Alexius,Adachi,44204,M,1991-05-16,Senior Engineer
Aloke,Adachi,103763,M,1988-12-21,Engineer
Aloke,Adachi,103763,M,1988-12-21,Senior Engineer
Alselm,Adachi,241191,M,1996-07-12,Senior Staff
Alselm,Adachi,241191,M,1996-07-12,Staff
Aram,Adachi,456041,F,1990-04-16,Assistant Engineer
Aram,Adachi,456041,F,1990-04-16,Engineer
Aram,Adachi,456041,F,1990-04-16,Senior Engineer
Arie,Adachi,61757,M,1996-01-01,Engineer
Arie,Adachi,294905,M,1989-12-19,Engineer
Arnould,Adachi,36533,M,1985-10-09,Senior Staff
Arnould,Adachi,36533,M,1985-10-09,Staff
Arunas,Adachi,417131,M,1992-05-05,Senior Staff
Atreye,Adachi,23904,M,1989-04-02,Senior Staff
Atreye,Adachi,23904,M,1989-04-02,Staff
Bader,Adachi,214966,F,1991-11-24,Staff
Basil,Adachi,83830,M,1988-07-26,Engineer
Basil,Adachi,83830,M,1988-07-26,Senior Engineer
Basim,Adachi,214057,M,1988-07-19,Senior Engineer
Becky,Adachi,34399,M,1992-10-11,Staff
Berhard,Adachi,435487,M,1986-04-14,Senior Engineer
Bernice,Adachi,236853,M,1989-12-15,Senior Engineer
Bezalel,Adachi,25442,M,1997-06-03,Engineer
Billur,Adachi,95871,M,1991-07-03,Senior Staff
Billur,Adachi,95871,M,1991-07-03,Staff
Billur,Adachi,92011,F,1987-07-09,Engineer
Billur,Adachi,92011,F,1987-07-09,Senior Engineer
Billur,Adachi,76327,F,1986-09-21,Engineer
Billur,Adachi,76327,F,1986-09-21,Senior Engineer
Boalin,Adachi,86370,F,1990-02-24,Engineer
Boalin,Adachi,86370,F,1990-02-24,Senior Engineer
Bogdan,Adachi,98434,M,1990-02-09,Staff
Bokyung,Adachi,411031,M,1985-05-18,Senior Staff
Bouchung,Adachi,44898,F,1996-03-22,Engineer
Bouchung,Adachi,44898,F,1996-03-22,Senior Engineer
Breannda,Adachi,85642,F,1986-04-29,Senior Staff
Breannda,Adachi,85642,F,1986-04-29,Staff
Brendon,Adachi,432152,M,1990-12-19,Engineer
Brendon,Adachi,432152,M,1990-12-19,Senior Engineer
Candido,Adachi,20654,M,1997-07-30,Staff
Changho,Adachi,222482,M,1986-09-09,Engineer
Chanjung,Adachi,413676,M,1989-12-22,Engineer
Chanjung,Adachi,413676,M,1989-12-22,Senior Engineer
Chenyi,Adachi,216982,M,1987-10-23,Engineer
Chenyi,Adachi,216982,M,1987-10-23,Senior Engineer
Chikara,Adachi,20043,M,1985-03-21,Engineer
Chikara,Adachi,20043,M,1985-03-21,Senior Engineer
Chiradeep,Adachi,240719,M,1990-07-17,Engineer
Chriss,Adachi,11330,M,1990-06-28,Engineer
Christ,Adachi,279029,M,1985-10-31,Senior Engineer
Conal,Adachi,268616,F,1993-10-27,Senior Engineer
Conor,Adachi,463464,M,1987-11-24,Engineer
Conor,Adachi,463464,M,1987-11-24,Senior Engineer
Demos,Adachi,251377,M,1994-04-22,Engineer
Demos,Adachi,251377,M,1994-04-22,Senior Engineer
Deniz,Adachi,219492,F,1985-12-26,Senior Staff
Deniz,Adachi,219492,F,1985-12-26,Staff
Domenico,Adachi,203142,M,1997-01-04,Engineer
Elvis,Adachi,438207,M,1988-11-01,Senior Staff
Elvis,Adachi,438207,M,1988-11-01,Staff
Eran,Adachi,10967,M,1993-08-01,Engineer
Eran,Adachi,10967,M,1993-08-01,Senior Engineer
Fabrizio,Adachi,97950,M,1991-05-17,Senior Staff
Fabrizio,Adachi,97950,M,1991-05-17,Staff
Feipei,Adachi,434409,M,1996-06-17,Senior Staff
Feipei,Adachi,434409,M,1996-06-17,Staff
Fen,Adachi,20485,F,1992-03-10,Staff
Filipp,Adachi,96736,M,1998-07-03,Senior Staff
Francesca,Adachi,267889,F,1989-10-21,Staff
Franziska,Adachi,268132,F,1988-04-14,Senior Staff
Franziska,Adachi,268132,F,1988-04-14,Staff
Frazer,Adachi,470846,M,1991-08-04,Staff
Fumitaka,Adachi,54863,M,1987-12-08,Staff
Gadiel,Adachi,258301,M,1985-07-07,Senior Staff
Garnik,Adachi,295551,M,1992-01-04,Engineer
Georg,Adachi,92027,M,1985-11-30,Engineer
Georg,Adachi,92027,M,1985-11-30,Senior Engineer
Georgy,Adachi,69173,F,1988-12-17,Senior Staff
Georgy,Adachi,69173,F,1988-12-17,Staff
Ger,Adachi,29203,F,1989-01-03,Senior Staff
Ger,Adachi,29203,F,1989-01-03,Staff
Giao,Adachi,492666,M,1986-11-04,Senior Engineer
Gift,Adachi,221592,M,1988-02-12,Senior Staff
Gift,Adachi,221592,M,1988-02-12,Staff
Giri,Adachi,201219,M,1989-05-17,Staff
Goetz,Adachi,437758,F,1996-11-10,Staff
Gonzalo,Adachi,47750,F,1987-05-02,Senior Staff
Guoxiang,Adachi,496564,M,1986-05-26,Senior Staff
Guoxiang,Adachi,496564,M,1986-05-26,Staff
Haldun,Adachi,295836,F,1985-10-06,Senior Staff
Haldun,Adachi,295836,F,1985-10-06,Staff
Heeju,Adachi,279218,M,1992-02-27,Engineer
Heeju,Adachi,279218,M,1992-02-27,Senior Engineer
Henk,Adachi,234821,M,1996-02-19,Engineer
Hironoby,Adachi,407559,F,1986-12-21,Senior Staff
Hironoby,Adachi,407559,F,1986-12-21,Staff
Honesty,Adachi,273496,M,1985-03-14,Engineer
Honesty,Adachi,273496,M,1985-03-14,Senior Engineer
Hongzue,Adachi,448672,F,1996-01-09,Staff
Houman,Adachi,419194,M,1986-05-04,Senior Staff
Houman,Adachi,419194,M,1986-05-04,Staff
Irena,Adachi,447005,M,1985-06-27,Staff
Izaskun,Adachi,259631,M,1992-08-29,Senior Staff
Izaskun,Adachi,259631,M,1992-08-29,Staff
Jaewoo,Adachi,421438,M,1990-08-12,Staff
Jamaludin,Adachi,70512,F,1992-03-21,Senior Staff
Jayesh,Adachi,98293,M,1986-12-05,Senior Staff
Jayesh,Adachi,98293,M,1986-12-05,Staff
Jenwei,Adachi,80811,F,1985-09-22,Senior Staff
Jenwei,Adachi,80811,F,1985-09-22,Staff
Jiong,Adachi,293686,M,1993-12-09,Senior Engineer
Joydip,Adachi,14974,M,1988-01-31,Engineer
Joydip,Adachi,14974,M,1988-01-31,Senior Engineer
Karoline,Adachi,232430,M,1990-10-21,Engineer
Karoline,Adachi,232430,M,1990-10-21,Senior Engineer
Kasturi,Adachi,463122,M,1990-03-19,Engineer
Kasturi,Adachi,463122,M,1990-03-19,Senior Engineer
Kazuhiko,Adachi,436762,M,1989-01-02,Senior Staff
Kazuhiko,Adachi,436762,M,1989-01-02,Staff
Kazuhira,Adachi,25279,M,1992-02-14,Senior Staff
Kazuhiro,Adachi,19567,F,1991-08-30,Senior Staff
Kazuhiro,Adachi,19567,F,1991-08-30,Staff
Kellie,Adachi,285034,M,1994-08-06,Senior Engineer
Kenroku,Adachi,278739,M,1990-06-07,Engineer
Kenroku,Adachi,278739,M,1990-06-07,Senior Engineer
Kenroku,Adachi,462289,M,1986-06-18,Engineer
Kenroku,Adachi,462289,M,1986-06-18,Senior Engineer
Kensyu,Adachi,102203,M,1992-07-07,Senior Staff
Kerhong,Adachi,221328,M,1986-02-20,Engineer
Khalid,Adachi,405689,M,1992-03-17,Staff
Khoa,Adachi,461215,M,1987-10-05,Engineer
Khoa,Adachi,461215,M,1987-10-05,Senior Engineer
Khoa,Adachi,27715,F,1998-03-20,Staff
Krassimir,Adachi,253745,M,1988-09-02,Engineer
Krassimir,Adachi,253745,M,1988-09-02,Senior Engineer
Kristin,Adachi,21528,M,1992-10-01,Senior Staff
Kristin,Adachi,283258,F,1988-11-10,Senior Staff
Kristin,Adachi,283258,F,1988-11-10,Staff
Kristin,Adachi,499719,F,1988-12-25,Technique Leader
Kristinn,Adachi,297948,F,1988-06-03,Senior Engineer
Kwangho,Adachi,295541,M,1991-08-27,Engineer
Kwangho,Adachi,295541,M,1991-08-27,Senior Engineer
Lakshmi,Adachi,448415,M,1985-12-13,Senior Engineer
Leandro,Adachi,458315,M,1990-11-26,Senior Staff
Leandro,Adachi,458315,M,1990-11-26,Staff
Lene,Adachi,298933,M,1990-11-07,Senior Engineer
Lenore,Adachi,402164,M,1992-07-08,Staff
Lubomir,Adachi,488767,M,1988-04-09,Senior Staff
Lubomir,Adachi,488767,M,1988-04-09,Staff
Lucien,Adachi,47600,M,1986-09-25,Staff
Luigi,Adachi,230138,M,1988-10-23,Senior Staff
Luigi,Adachi,230138,M,1988-10-23,Staff
Luisa,Adachi,480910,M,1993-01-01,Senior Staff
Luisa,Adachi,480910,M,1993-01-01,Staff
Luise,Adachi,421777,M,1990-08-16,Senior Staff
Luise,Adachi,421777,M,1990-08-16,Staff
Mabo,Adachi,459087,F,1993-10-24,Engineer
Mabo,Adachi,459087,F,1993-10-24,Senior Engineer
Mads,Adachi,81311,F,1997-11-30,Assistant Engineer
Mansur,Adachi,88521,M,1998-06-30,Senior Engineer
Marco,Adachi,44162,F,1985-12-16,Engineer
Marco,Adachi,44162,F,1985-12-16,Senior Engineer
Marlo,Adachi,224495,M,1986-05-24,Technique Leader
Mart,Adachi,238484,F,1990-05-23,Senior Staff
Mart,Adachi,238484,F,1990-05-23,Staff
Mart,Adachi,12947,F,1990-05-20,Senior Staff
Masato,Adachi,282394,M,1996-10-16,Technique Leader
Masoud,Adachi,83483,M,1986-08-05,Engineer
Mingdong,Adachi,266050,M,1999-11-03,Staff
Miquel,Adachi,456721,F,1990-01-27,Engineer
Mohan,Adachi,466366,F,1993-11-15,Senior Engineer
Moheb,Adachi,207844,M,1996-01-15,Staff
Mokhtar,Adachi,400308,M,1991-07-03,Engineer
Mokhtar,Adachi,400308,M,1991-07-03,Senior Engineer
Moni,Adachi,431763,M,1993-08-19,Senior Engineer
Mooi,Adachi,451167,F,1985-05-03,Senior Staff
Mooi,Adachi,451167,F,1985-05-03,Staff
Munehiro,Adachi,450972,F,1989-07-30,Staff
Noritoshi,Adachi,411248,F,1991-01-25,Engineer
Noritoshi,Adachi,411248,F,1991-01-25,Senior Engineer
Oddvar,Adachi,421185,M,1985-08-06,Senior Engineer
Odinaldo,Adachi,266611,M,1990-04-06,Senior Staff
Oldrich,Adachi,497007,M,1996-12-23,Engineer
Oldrich,Adachi,497007,M,1996-12-23,Senior Engineer
Olivera,Adachi,444323,M,1987-07-25,Engineer
Olivera,Adachi,444323,M,1987-07-25,Senior Engineer
Parto,Adachi,98348,F,1990-12-02,Senior Staff
Parto,Adachi,98348,F,1990-12-02,Staff
Pascal,Adachi,108043,M,1989-05-14,Senior Staff
Pascal,Adachi,108043,M,1989-05-14,Staff
Pasqua,Adachi,421383,M,1995-08-10,Engineer
Petter,Adachi,78134,M,1988-01-24,Senior Staff
Petter,Adachi,78134,M,1988-01-24,Staff
Pintsang,Adachi,487025,M,1987-06-27,Engineer
Pintsang,Adachi,487025,M,1987-06-27,Senior Engineer
Pradeep,Adachi,480775,F,1987-02-22,Staff
Premsyl,Adachi,445555,M,1991-03-02,Engineer
Qiwen,Adachi,402743,F,1994-11-02,Engineer
Qunsheng,Adachi,465285,M,1985-10-10,Engineer
Qunsheng,Adachi,465285,M,1985-10-10,Senior Engineer
Radhakrishnan,Adachi,88634,M,1988-03-17,Staff
Radhia,Adachi,241262,F,1986-12-19,Engineer
Radhia,Adachi,241262,F,1986-12-19,Senior Engineer
Rafael,Adachi,215538,F,1989-07-14,Senior Engineer
Rajmohan,Adachi,220861,F,1991-05-24,Engineer
Rajmohan,Adachi,220861,F,1991-05-24,Senior Engineer
Rasikan,Adachi,215347,F,1987-09-17,Senior Staff
Rasikan,Adachi,215347,F,1987-09-17,Staff
Renee,Adachi,271057,M,1989-07-28,Senior Engineer
Richard,Adachi,259710,F,1985-08-24,Staff
Richard,Adachi,242972,M,1986-07-29,Senior Engineer
Rosalie,Adachi,426214,F,1991-12-27,Engineer
Rosalie,Adachi,426214,F,1991-12-27,Senior Engineer
Roselyn,Adachi,66005,M,1990-06-08,Engineer
Roselyn,Adachi,66005,M,1990-06-08,Senior Engineer
Rosita,Adachi,442510,F,1993-01-09,Senior Staff
Rosita,Adachi,442510,F,1993-01-09,Staff
Sachin,Adachi,52346,M,1988-09-25,Senior Engineer
Saddek,Adachi,453618,M,1987-12-21,Technique Leader
Sahrah,Adachi,211920,M,1993-05-29,Senior Staff
Sahrah,Adachi,211920,M,1993-05-29,Staff
Sajjad,Adachi,243115,M,1987-12-17,Senior Engineer
Sanjai,Adachi,446568,M,1993-04-19,Engineer
Sanjai,Adachi,446568,M,1993-04-19,Senior Engineer
Sashi,Adachi,14659,F,1985-03-16,Engineer
Sashi,Adachi,14659,F,1985-03-16,Senior Engineer
Satyanarayana,Adachi,482446,M,1990-03-27,Senior Staff
Satyanarayana,Adachi,482446,M,1990-03-27,Staff
Serenella,Adachi,405918,F,1987-06-24,Engineer
Serif,Adachi,470859,F,1986-02-17,Staff
Shen,Adachi,293297,M,1997-03-06,Senior Staff
Shen,Adachi,293297,M,1997-03-06,Staff
Shichao,Adachi,474264,F,1994-01-16,Senior Engineer
Shichao,Adachi,20394,M,1996-02-06,Senior Staff
Shih,Adachi,474560,F,1988-03-12,Engineer
Shih,Adachi,474560,F,1988-03-12,Senior Engineer
Shiv,Adachi,65073,F,1996-10-09,Engineer
Shuho,Adachi,223389,M,1987-12-05,Senior Staff
Shuji,Adachi,47556,F,1987-05-27,Senior Staff
Shuji,Adachi,47556,F,1987-05-27,Staff
Siamak,Adachi,418862,F,1996-08-01,Senior Staff
Sigeru,Adachi,402060,M,1985-07-18,Senior Staff
Sigeru,Adachi,402060,M,1985-07-18,Staff
Stella,Adachi,405140,M,1985-08-15,Engineer
Stella,Adachi,405140,M,1985-08-15,Senior Engineer
Subhada,Adachi,270761,M,1987-04-16,Senior Staff
Subhrajyoti,Adachi,225760,M,1986-03-26,Staff
Sudharsan,Adachi,232969,F,1997-08-24,Staff
Sungwon,Adachi,486722,F,1990-06-02,Assistant Engineer
Sungwon,Adachi,59101,F,1987-10-22,Assistant Engineer
Sungwon,Adachi,59101,F,1987-10-22,Engineer
Sungwon,Adachi,59101,F,1987-10-22,Senior Engineer
Susanna,Adachi,238715,M,1991-01-27,Technique Leader
Susanna,Adachi,94682,M,1991-10-06,Engineer
Susanna,Adachi,94682,M,1991-10-06,Senior Engineer
Susanne,Adachi,73465,M,1988-02-20,Technique Leader
Sushant,Adachi,403826,M,1989-04-04,Assistant Engineer
Susumu,Adachi,278069,M,1990-09-29,Engineer
Thodoros,Adachi,462784,F,1990-07-23,Senior Staff
Thodoros,Adachi,462784,F,1990-07-23,Staff
Tommaso,Adachi,428705,F,1986-01-16,Engineer
Tommaso,Adachi,428705,F,1986-01-16,Senior Engineer
Toong,Adachi,282838,M,1985-07-30,Senior Staff
Toong,Adachi,282838,M,1985-07-30,Staff
Tooru,Adachi,437779,M,1993-12-20,Senior Staff
Toshiki,Adachi,466274,M,1989-04-05,Senior Engineer
Toshimi,Adachi,45199,F,1987-11-14,Engineer
Toshimi,Adachi,45199,F,1987-11-14,Senior Engineer
Troy,Adachi,248649,F,1993-09-05,Engineer
Trygve,Adachi,403279,M,1997-06-16,Senior Engineer
Tse,Adachi,210298,M,1990-07-08,Engineer
Tsz,Adachi,278600,M,1988-02-10,Engineer
Tsz,Adachi,278600,M,1988-02-10,Senior Engineer
Tua,Adachi,106554,M,1988-02-27,Staff
Uli,Adachi,299768,F,1990-03-23,Engineer
Unal,Adachi,291605,F,1991-10-08,Senior Staff
Unal,Adachi,291605,F,1991-10-08,Staff
Uriel,Adachi,496342,M,1987-06-06,Senior Staff
Uriel,Adachi,496342,M,1987-06-06,Staff
Utz,Adachi,203716,M,1992-10-02,Engineer
Valter,Adachi,38001,M,1989-12-19,Engineer
Valter,Adachi,38001,M,1989-12-19,Senior Engineer
Vasilii,Adachi,239039,M,1995-08-29,Senior Engineer
Vatsa,Adachi,53782,F,1994-09-23,Staff
Vincent,Adachi,469282,F,1995-07-24,Senior Staff
Vincent,Adachi,469282,F,1995-07-24,Staff
Vivian,Adachi,84912,M,1989-12-04,Engineer
Vivian,Adachi,84912,M,1989-12-04,Senior Engineer
Wanqing,Adachi,221858,F,1989-12-04,Engineer
Wanqing,Adachi,221858,F,1989-12-04,Senior Engineer
Weiru,Adachi,17936,F,1987-09-02,Engineer
Wilmer,Adachi,440238,F,1991-12-25,Staff
Wojceich,Adachi,17297,F,1990-02-01,Engineer
Xiaoshan,Adachi,63285,F,1996-10-14,Technique Leader
Xinan,Adachi,287971,M,1996-05-07,Engineer
Yannik,Adachi,448808,F,1987-11-12,Engineer
Yannik,Adachi,448808,F,1987-11-12,Senior Engineer
Yannik,Adachi,264668,F,1986-01-10,Engineer
Yechezkel,Adachi,16012,F,1985-08-13,Staff
Yishai,Adachi,108496,M,1994-01-30,Staff
Ymte,Adachi,71469,F,1987-07-19,Engineer
Ymte,Adachi,71469,F,1987-07-19,Senior Engineer
Ymte,Adachi,76123,M,1985-11-25,Senior Staff
Ymte,Adachi,76123,M,1985-11-25,Staff
Yonghoan,Adachi,71044,M,1991-02-20,Staff
Yongmin,Adachi,287434,F,1986-04-30,Senior Staff
Yongmin,Adachi,287434,F,1986-04-30,Staff
Yoshinari,Adachi,241280,F,1991-11-06,Staff
Yucel,Adachi,222487,F,1995-07-06,Engineer
Yuchang,Adachi,58205,M,1987-04-08,Senior Staff
Yuchang,Adachi,58205,M,1987-04-08,Staff
Yurij,Adachi,16087,M,1987-11-22,Technique Leader
Zengping,Adachi,238806,F,1987-03-11,Senior Engineer
Zhaofang,Adachi,244018,F,1986-11-09,Engineer
Zhaofang,Adachi,244018,F,1986-11-09,Senior Engineer
Zhenhua,Adachi,80752,M,1986-07-01,Senior Staff
Zhenhua,Adachi,80752,M,1986-07-01,Staff
Zhensheng,Adachi,96315,M,1993-09-22,Engineer
Zita,Adachi,289537,M,1994-03-04,Staff
Zongyan,Adachi,244039,F,1996-01-25,Engineer
Zvonko,Adachi,428131,M,1990-05-09,Engineer
Zvonko,Adachi,428131,M,1990-05-09,Senior Engineer
Abdelghani,Aingworth,205568,F,1985-09-22,Senior Staff
Abdelghani,Aingworth,205568,F,1985-09-22,Staff
Aemilian,Aingworth,443651,F,1992-03-03,Staff
Alejandra,Aingworth,477990,F,1985-06-06,Engineer
Alejandra,Aingworth,477990,F,1985-06-06,Senior Engineer
Anoosh,Aingworth,457915,F,1991-05-29,Senior Staff
Anoosh,Aingworth,457915,F,1991-05-29,Staff
Baocai,Aingworth,473731,F,1996-03-29,Engineer
Basim,Aingworth,98358,M,1985-12-26,Engineer
Basim,Aingworth,98358,M,1985-12-26,Senior Engineer
Bezalel,Aingworth,446963,M,1990-04-21,Senior Staff
Bezalel,Aingworth,446963,M,1990-04-21,Staff
Bilhanan,Aingworth,433630,F,1987-08-17,Senior Staff
Billur,Aingworth,452985,M,1985-08-26,Engineer
Chenxi,Aingworth,299034,M,1985-12-03,Senior Staff
Chenxi,Aingworth,299034,M,1985-12-03,Staff
Chiradeep,Aingworth,447316,M,1995-09-25,Staff
Chiranjit,Aingworth,62536,F,1985-03-14,Staff
Claudi,Aingworth,93256,M,1987-07-04,Senior Staff
Collette,Aingworth,58207,M,1986-07-01,Engineer
Collette,Aingworth,58207,M,1986-07-01,Senior Engineer
Constantijn,Aingworth,254435,F,1985-10-24,Engineer
Constantine,Aingworth,448932,M,1990-12-03,Engineer
Constantine,Aingworth,448932,M,1990-12-03,Senior Engineer
Danai,Aingworth,406604,M,1997-06-25,Staff
Demin,Aingworth,463088,M,1993-04-16,Technique Leader
Demin,Aingworth,219075,M,1985-09-29,Engineer
Dinkar,Aingworth,449112,M,1989-05-02,Engineer
Dinkar,Aingworth,449112,M,1989-05-02,Senior Engineer
Divier,Aingworth,107355,M,1996-09-11,Senior Staff
Divier,Aingworth,107355,M,1996-09-11,Staff
Divine,Aingworth,10994,M,1987-06-29,Assistant Engineer
Duangkaew,Aingworth,205351,M,1993-09-01,Senior Staff
Duangkaew,Aingworth,205351,M,1993-09-01,Staff
Eben,Aingworth,10106,M,1990-12-19,Engineer
Eben,Aingworth,10106,M,1990-12-19,Senior Engineer
Elliott,Aingworth,103570,F,1990-11-25,Engineer
Elrique,Aingworth,206419,M,1993-06-07,Assistant Engineer
Elrique,Aingworth,206419,M,1993-06-07,Engineer
Elzbieta,Aingworth,466322,M,1993-11-01,Engineer
Elzbieta,Aingworth,466322,M,1993-11-01,Senior Engineer
Eric,Aingworth,439694,F,1988-12-07,Senior Staff
Eric,Aingworth,439694,F,1988-12-07,Staff
Erzsebet,Aingworth,267330,M,1986-02-20,Senior Staff
Erzsebet,Aingworth,267330,M,1986-02-20,Staff
Faiza,Aingworth,243441,F,1994-11-22,Engineer
Faiza,Aingworth,243441,F,1994-11-22,Senior Engineer
Falguni,Aingworth,101037,F,1985-03-03,Engineer
Falguni,Aingworth,101037,F,1985-03-03,Senior Engineer
Ferdinand,Aingworth,42541,M,1987-02-19,Engineer
Ferdinand,Aingworth,42541,M,1987-02-19,Senior Engineer
Florian,Aingworth,64030,F,1989-04-22,Engineer
Foong,Aingworth,282119,M,1986-03-19,Senior Engineer
Frazer,Aingworth,36222,F,1993-01-20,Technique Leader
Fuqing,Aingworth,297858,M,1987-01-18,Engineer
Fuqing,Aingworth,297858,M,1987-01-18,Senior Engineer
Gad,Aingworth,429733,F,1994-12-23,Engineer
Genevieve,Aingworth,18614,F,1991-05-10,Senior Engineer
Gianluca,Aingworth,53557,M,1988-06-29,Staff
Giao,Aingworth,239745,M,1987-10-01,Senior Staff
Giao,Aingworth,239745,M,1987-10-01,Staff
Giap,Aingworth,211655,F,1986-08-08,Senior Engineer
Goncalo,Aingworth,476447,M,1994-06-23,Staff
Goncalo,Aingworth,45387,M,1991-05-10,Senior Engineer
Gregory,Aingworth,60201,M,1990-08-31,Staff
Gregory,Aingworth,460473,F,1988-05-12,Staff
Guiseppe,Aingworth,279517,F,1986-07-16,Engineer
Guoxiang,Aingworth,45882,F,1991-06-02,Staff
Gurbir,Aingworth,207768,F,1989-10-07,Engineer
Gurbir,Aingworth,207768,F,1989-10-07,Senior Engineer
Guther,Aingworth,24174,M,1988-02-06,Senior Staff
Guther,Aingworth,24174,M,1988-02-06,Staff
Hidefumi,Aingworth,51437,F,1996-05-19,Engineer
Hironobu,Aingworth,259890,F,1991-10-13,Engineer
Hironobu,Aingworth,259890,F,1991-10-13,Senior Engineer
Huan,Aingworth,48495,F,1989-07-20,Assistant Engineer
Huan,Aingworth,48495,F,1989-07-20,Engineer
Huan,Aingworth,65094,M,1991-02-09,Senior Engineer
Hugo,Aingworth,488015,M,1992-02-20,Senior Engineer
Irene,Aingworth,476588,M,1985-10-30,Senior Staff
Isaac,Aingworth,51793,F,1995-12-02,Engineer
Izaskun,Aingworth,488090,F,1987-10-06,Senior Engineer
Jagoda,Aingworth,73169,M,1987-01-14,Senior Staff
Jagoda,Aingworth,73169,M,1987-01-14,Staff
Jaihie,Aingworth,241421,F,1988-08-17,Engineer
Janche,Aingworth,249337,M,1996-06-15,Senior Engineer
Jaroslava,Aingworth,84966,M,1996-03-25,Senior Engineer
Jiang,Aingworth,274470,M,1986-07-12,Senior Staff
Jiang,Aingworth,274470,M,1986-07-12,Staff
Jiann,Aingworth,67594,M,1987-02-20,Senior Staff
Jinxi,Aingworth,96367,F,1990-12-08,Senior Staff
Jinxi,Aingworth,96367,F,1990-12-08,Staff
Kasturi,Aingworth,413629,F,1987-12-12,Senior Staff
Kasturi,Aingworth,413629,F,1987-12-12,Staff
Kayoko,Aingworth,466576,F,1996-07-16,Staff
